{
  "sales": {
    "train_r2": 0.9922869855001711,
    "test_r2": 0.9410366365810596,
    "train_rmse": 2.398492052266886,
    "test_rmse": 4.975747295746703,
    "train_mae": 1.6609380835667598,
    "test_mae": 3.5775404541446387,
    "oob_score": 0.9668961248382535,
    "cv_r2_mean": 0.9462806746700709,
    "cv_r2_std": 0.05047008402459934,
    "feature_importance": {
      "item_id": 0.0027288140236317706,
      "month": 0.09677417665225466,
      "year": 0.0,
      "avg_quantity": 0.015148958493174661,
      "transaction_count": 0.45285871172936165,
      "weekend_ratio": 0.0023394706326511075,
      "rolling_avg_3m": 0.02102728029966258,
      "rolling_avg_6m": 0.019651009340816917,
      "quantity_growth": 0.16433903447585643,
      "lag_1": 0.0038811938868960646,
      "lag_2": 0.0025925216970112616,
      "time_index": 0.08393408559705573,
      "rolling_std_3m": 0.04113436323911512,
      "category_encoded": 0.0,
      "season_encoded": 0.09359037993251199
    },
    "training_samples": 136,
    "test_samples": 24,
    "feature_columns": [
      "item_id",
      "month",
      "year",
      "avg_quantity",
      "transaction_count",
      "weekend_ratio",
      "rolling_avg_3m",
      "rolling_avg_6m",
      "quantity_growth",
      "lag_1",
      "lag_2",
      "time_index",
      "rolling_std_3m",
      "category_encoded",
      "season_encoded"
    ],
    "n_estimators": 150,
    "max_depth": 20
  },
  "restock": {
    "train_r2": 0.9967019148427434,
    "test_r2": 0.9943890742290096,
    "train_rmse": 1.5523010352830207,
    "test_rmse": 1.8204480116212642,
    "train_mae": 0.8110799494623029,
    "test_mae": 1.1524736559736584,
    "oob_score": 0.9901976271002629,
    "cv_r2_mean": 0.9881667904725265,
    "cv_r2_std": 0.005565864753115681,
    "feature_importance": {
      "item_id": 0.0012111504988764465,
      "month": 0.14332214465944199,
      "year": 0.0,
      "avg_quantity": 0.06980264665735895,
      "transaction_count": 0.27294271017584626,
      "weekend_ratio": 0.0,
      "rolling_avg_3m": 0.11281905151653339,
      "rolling_avg_6m": 0.012569103889625469,
      "quantity_growth": 0.16684500447322642,
      "lag_1": 0.001500274961204464,
      "lag_2": 0.0017480049455787302,
      "time_index": 0.11354838358669776,
      "rolling_std_3m": 0.006694171769371293,
      "category_encoded": 0.0,
      "season_encoded": 0.09699735286623885
    },
    "training_samples": 136,
    "test_samples": 24,
    "feature_columns": [
      "item_id",
      "month",
      "year",
      "avg_quantity",
      "transaction_count",
      "weekend_ratio",
      "rolling_avg_3m",
      "rolling_avg_6m",
      "quantity_growth",
      "lag_1",
      "lag_2",
      "time_index",
      "rolling_std_3m",
      "category_encoded",
      "season_encoded"
    ],
    "n_estimators": 150,
    "max_depth": 20
  },
  "training_date": "2025-10-08T00:06:05.571802",
  "data_period": {
    "start_date": "2024-09-18",
    "end_date": "2025-09-18",
    "total_products": 20,
    "products_with_sales_data": 20,
    "products_with_restock_data": 20
  }
}