{
  "sales": {
    "train_r2": 0.9544211811062498,
    "test_r2": 0.9607167724173068,
    "train_rmse": 3.2231585675104144,
    "test_rmse": 2.62199051471573,
    "train_mae": 0.850032894736842,
    "test_mae": 1.2394444444444446,
    "oob_score": 0.7763164291484304,
    "cv_r2_mean": 0.8290745729474137,
    "cv_r2_std": 0.18812656349094387,
    "feature_importance": {
      "item_id": 0.005017511402713868,
      "month": 0.003800843922149904,
      "year": 0.0007461489340524293,
      "avg_quantity": 0.022148277802188355,
      "transaction_count": 0.3263489998303751,
      "weekend_ratio": 0.00643166102294156,
      "rolling_avg_3m": 0.37020576625501495,
      "rolling_avg_6m": 0.2091234198228099,
      "quantity_growth": 0.026168972655979818,
      "lag_1": 0.008738913103796531,
      "lag_2": 0.003453106495921154,
      "time_index": 0.004728986776736543,
      "rolling_std_3m": 0.010871773822476574,
      "category_encoded": 0.0012039172261970937,
      "season_encoded": 0.0010117009266463126
    },
    "training_samples": 152,
    "test_samples": 27,
    "feature_columns": [
      "item_id",
      "month",
      "year",
      "avg_quantity",
      "transaction_count",
      "weekend_ratio",
      "rolling_avg_3m",
      "rolling_avg_6m",
      "quantity_growth",
      "lag_1",
      "lag_2",
      "time_index",
      "rolling_std_3m",
      "category_encoded",
      "season_encoded"
    ],
    "n_estimators": 200,
    "max_depth": 25
  },
  "restock": {
    "train_r2": 0.9931452536949,
    "test_r2": 0.9838749905004585,
    "train_rmse": 21.938332757581883,
    "test_rmse": 30.960057053542737,
    "train_mae": 8.361226415094341,
    "test_mae": 14.945172413793106,
    "oob_score": 0.9572903402370663,
    "cv_r2_mean": 0.9230746065025599,
    "cv_r2_std": 0.0932570091910951,
    "feature_importance": {
      "item_id": 0.002185427188829347,
      "month": 0.0012963403015207647,
      "year": 0.0003278407782572438,
      "avg_quantity": 0.04509964186326727,
      "transaction_count": 0.17316453862287978,
      "weekend_ratio": 0.0034372615868163794,
      "rolling_avg_3m": 0.4142354976092518,
      "rolling_avg_6m": 0.33209290886948833,
      "quantity_growth": 0.0043636365019176825,
      "lag_1": 0.01558734257665444,
      "lag_2": 0.0013333766040697628,
      "time_index": 0.0011042797709691792,
      "rolling_std_3m": 0.0018384075049638364,
      "category_encoded": 0.0020836099111679615,
      "season_encoded": 0.001849890309946107
    },
    "training_samples": 159,
    "test_samples": 29,
    "feature_columns": [
      "item_id",
      "month",
      "year",
      "avg_quantity",
      "transaction_count",
      "weekend_ratio",
      "rolling_avg_3m",
      "rolling_avg_6m",
      "quantity_growth",
      "lag_1",
      "lag_2",
      "time_index",
      "rolling_std_3m",
      "category_encoded",
      "season_encoded"
    ],
    "n_estimators": 200,
    "max_depth": 25
  },
  "training_date": "2025-10-08T17:00:14.759825",
  "data_period": {
    "start_date": "2024-10-08",
    "end_date": "2025-10-08",
    "total_products": 38,
    "products_with_sales_data": 38,
    "products_with_restock_data": 30
  }
}