{
  "sales": {
    "train_r2": 0.9943669300298631,
    "test_r2": 0.9358819710902355,
    "train_rmse": 2.0497400301444264,
    "test_rmse": 5.18868460369935,
    "train_mae": 1.5218382352941182,
    "test_mae": 3.352083333333334,
    "oob_score": 0.9689885057709738,
    "cv_r2_mean": 0.950470815084476,
    "cv_r2_std": 0.04925922590399329,
    "feature_importance": {
      "item_id": 0.002983770073792904,
      "month": 0.07943747892861418,
      "year": 0.0,
      "avg_quantity": 0.016846372445870936,
      "transaction_count": 0.5267029974147757,
      "weekend_ratio": 0.0018634802525286356,
      "rolling_avg_3m": 0.01889701659241337,
      "rolling_avg_6m": 0.014976327322741881,
      "quantity_growth": 0.13568036758445567,
      "lag_1": 0.0033844707755264114,
      "lag_2": 0.0029670385470580013,
      "time_index": 0.0913530281483763,
      "rolling_std_3m": 0.03397392367324009,
      "category_encoded": 0.0,
      "season_encoded": 0.07093372824060604
    },
    "training_samples": 136,
    "test_samples": 24,
    "feature_columns": [
      "item_id",
      "month",
      "year",
      "avg_quantity",
      "transaction_count",
      "weekend_ratio",
      "rolling_avg_3m",
      "rolling_avg_6m",
      "quantity_growth",
      "lag_1",
      "lag_2",
      "time_index",
      "rolling_std_3m",
      "category_encoded",
      "season_encoded"
    ],
    "n_estimators": 200,
    "max_depth": 25
  },
  "restock": {
    "train_r2": 0.9985268060532061,
    "test_r2": 0.9935777929972253,
    "train_rmse": 1.0374686387889451,
    "test_rmse": 1.9476152618865292,
    "train_mae": 0.5500735294117644,
    "test_mae": 1.2485416666666669,
    "oob_score": 0.9912280781779156,
    "cv_r2_mean": 0.9910932189558087,
    "cv_r2_std": 0.005034488980211607,
    "feature_importance": {
      "item_id": 0.0010463535219361623,
      "month": 0.14500688935205833,
      "year": 0.0,
      "avg_quantity": 0.07370698185077858,
      "transaction_count": 0.27522367542240006,
      "weekend_ratio": 0.0,
      "rolling_avg_3m": 0.1051604044444262,
      "rolling_avg_6m": 0.005266173730907013,
      "quantity_growth": 0.16517142051096917,
      "lag_1": 0.001215915338093904,
      "lag_2": 0.0012182004842744465,
      "time_index": 0.11527680167905152,
      "rolling_std_3m": 0.01197508709216619,
      "category_encoded": 0.0,
      "season_encoded": 0.0997320965729384
    },
    "training_samples": 136,
    "test_samples": 24,
    "feature_columns": [
      "item_id",
      "month",
      "year",
      "avg_quantity",
      "transaction_count",
      "weekend_ratio",
      "rolling_avg_3m",
      "rolling_avg_6m",
      "quantity_growth",
      "lag_1",
      "lag_2",
      "time_index",
      "rolling_std_3m",
      "category_encoded",
      "season_encoded"
    ],
    "n_estimators": 200,
    "max_depth": 25
  },
  "training_date": "2025-10-08T01:03:09.377080",
  "data_period": {
    "start_date": "2024-09-18",
    "end_date": "2025-09-18",
    "total_products": 20,
    "products_with_sales_data": 20,
    "products_with_restock_data": 20
  }
}